{
  "zoom": 10,
  "width": 896,
  "height": 768,
  "west": 138.1640625,
  "east": 140.625,
  "north": 36.31512514748051,
  "south": 34.59704151614416
}