{
  "zoom": 10,
  "width": 768,
  "height": 768,
  "west": 72.421875,
  "east": 73.4765625,
  "north": 19.64258753401303,
  "south": 18.64624514267062
}