{
  "zoom": 9,
  "width": 1664,
  "height": 1152,
  "west": 132.890625,
  "east": 142.03125,
  "north": 37.71859032558813,
  "south": 32.546813173515154
}