{
  "zoom": 9,
  "width": 1152,
  "height": 512,
  "west": 134.296875,
  "east": 140.625,
  "north": 36.031331776331875,
  "south": 33.7243396617476
}